What should you inspect first in a punctuation question?	Inspect the choices to identify the punctuation being tested. Then examine the relevant sentence structure. A candidate is correct only if it fits the whole sentence.
What does CPIN stand for in the lesson?	Colon; Period/semicolon/comma + FANBOYS; Isolated comma; No punctuation. Use it as a checking order, never as proof that a higher-priority choice is correct.
What makes an independent clause?	A subject and a finite verb expressing a complete thought: “The antenna receives signals.” A finite verb carries tense or follows a modal; an -ing word alone is not enough.
Is “although the antenna receives signals” an independent clause? Why?	No. Although makes it dependent. “The antenna receives signals” is independent; adding a subordinating word changes its status.
Is “the antenna receiving signals from three satellites” a complete sentence?	No. Receiving is a participle here. There is no finite main verb. “The antenna is receiving signals” is complete.
How do you find the sentence skeleton when a subject is followed by extra information?	Temporarily bracket a genuine nonessential insertion, then connect the subject to its main verb. “The antenna, installed last spring, receives signals” → “The antenna receives signals.”
Can a comma alone connect two independent clauses?	No. That produces a comma splice. Use an appropriate period, semicolon, or comma plus coordinating conjunction; a colon may work when the second part explains the first.
When does a semicolon join clauses correctly?	Both sides must be independent clauses. “The antenna failed; the team replaced it.” A fragment after the semicolon makes this use invalid.
What are the two main semicolon jobs to check?	Joining independent clauses and separating complex list items. In a complex list, the items do not need to be complete clauses.
What does FANBOYS stand for?	For, And, Nor, But, Or, Yet, So. When one joins two independent clauses, a comma usually comes before it. Check that the second part really has its own subject and verb.
Does “and” automatically require a comma before it?	No. “The team calibrated the sensor and recorded the results” has a shared subject and compound predicate. Do not insert a clause-separating comma merely because and appears.
What must come before a colon used to introduce an explanation or list?	A complete independent clause. “The team needed one tool: a wrench.” The material after the colon explains or specifies the statement before it.
Must the material after a colon be an independent clause?	No. It may be a word, phrase, list, or complete clause. “The team had one concern: overheating.” The left side must still be complete.
Why is “The required tools include: a wrench and a drill” incorrect?	The colon separates include from its direct objects. “The required tools include a wrench and a drill” is correct. Alternatively: “Two tools are required: a wrench and a drill.”
Why is a colon not automatically correct between two complete clauses?	The second part must explain, identify, exemplify, or expand the first. Mere completeness on both sides does not establish that relationship.
How do you check a dash that closes an interruption?	Locate the opening dash and identify the entire insertion. Use a matching closing dash when the main sentence resumes. Remove the insertion to verify the skeleton.
Can a single dash introduce an explanation?	Yes: “The team needed one tool—a wrench.” Do not assume every dash is one half of a pair; determine whether it introduces an ending explanation or encloses an insertion.
How do you punctuate a nonessential phrase in the middle of a sentence?	Usually with paired commas, paired dashes, or parentheses. Both boundaries matter. “The mural, restored last year, attracts visitors.” Do not mix an opening comma with a closing dash.
Is “I can remove it and the sentence still works” enough to prove a phrase is nonessential?	No. Removal must also preserve the intended identification and meaning. “The paintings that survived the fire were restored” limits which paintings; deleting the relative clause changes that claim.
How are restrictive relative clauses usually punctuated?	No surrounding commas: “The samples that remained dry were usable.” The clause identifies a subset. Restrictiveness is about meaning; the pronoun alone is not a complete test.
What is wrong with “The researcher, published the results”?	The comma splits the subject from its main verb. A real insertion can occur between them, but it must be enclosed: “The researcher, after checking the data, published the results.”
When is a comma appropriate after a dependent clause?	A dependent clause that introduces the main clause generally takes a comma: “Although the device was old, it worked.” A following integrated clause usually does not: “It worked because the team repaired it.”
How do you punctuate a simple three-item list?	Use commas between items: “The kit contains tape, string, and scissors.” On SAT-style questions, inspect the whole list before deciding what the blank separates.
Why do some lists use semicolons?	Semicolons make item boundaries clear when items contain internal commas: “Reno, Nevada; Albany, New York; and Boise, Idaho.” Keep each entire item together.
How do you locate the semicolon in “Ada, a chemist; Leo, a physicist; and Mei, an engineer”?	Each item is a person plus a description. The commas connect names to descriptions; the semicolons separate complete items. Match the repeated item structure.
When does a profession directly before a name take no punctuation?	When the profession and name identify a single person as one integrated unit: “Biologist Mara Chen spoke.” No comma goes between biologist and Mara Chen.
Why can “Our only guide, Mara Chen, spoke” take commas?	Our only guide already identifies a unique person in the stated context. Mara Chen supplies supplementary naming information. This is different from an integrated profession + name.
How do you distinguish a direct question from an indirect question?	“Where did the team work?” directly asks and takes a question mark. “The report explains where the team worked.” makes a statement and takes a period. Judge the entire sentence.
Can “however” connect independent clauses with commas alone?	No. Contrastive however is not a coordinating conjunction. Use “The model was simple; however, it was accurate” or “The model was simple. However, it was accurate.”
How does punctuation change which clause “however” belongs to?	“The model was simple, however; it was accurate” attaches however to the first clause. “The model was simple; however, it was accurate” attaches it to the second. Read the preceding sentence to locate the contrast.
How can you tell whether “though” is a dependent-clause starter or a parenthetical transition?	“Though the model was simple, it was accurate” begins with a dependent clause. “The model was simple, though; it was accurate” uses parenthetical though. Determine its grammatical role.
If a period and a semicolon are both offered, can you always eliminate both?	No. A semicolon may separate list items, a period may require a capital letter, and the choices may include other differing words. Substitute the complete choices and check the actual structure.
If two punctuation choices both seem grammatical, what should you check next?	Check capitalization, list boundaries, whether an insertion closes, and which clause a transition belongs to. Do not invent a stylistic preference to break a true tie.
What should you say to yourself before submitting a boundary answer?	“Left side: complete or incomplete? Right side: complete clause, explanation, insertion, or list item? What exact rule permits my choice?” Name the structural reason rather than relying on a pause.
